sector,sector_code,sector_label,month,issued
Q - Health & Social Work Activities,Q,Health & Social Work Activities,January,1040
J - Information & Communication Activities,J,Information & Communication Activities,January,451
I - Accommodation & Food Services Activities,I,Accommodation & Food Services Activities,January,557
S - Other Service Activities,S,Other Service Activities,January,259
F - Construction,F,Construction,January,259
"A - Agriculture, Forestry & Fishing",A,"Agriculture, Forestry & Fishing",January,203
K - Financial & Insurance Activities,K,Financial & Insurance Activities,January,153
H - Transport & Storage,H,Transport & Storage,January,131
C - All Other Manufacturing,C,All Other Manufacturing,January,185
"M - Professional, Scientific & Technical Activities of Head Offices, Management Consultancy Services",M,"Professional, Scientific & Technical Activities of Head Offices, Management Consultancy Services",January,63
"M - All other Professional, Scientific & Technical Activities",M,"All other Professional, Scientific & Technical Activities",January,88
G - Wholesale & Retail Trade,G,Wholesale & Retail Trade,January,68
C - Manufacture of Chemicals & Pharmaceuticals,C,Manufacture of Chemicals & Pharmaceuticals,January,58
"R - Arts, Entertainment and Recreation",R,"Arts, Entertainment and Recreation",January,40
"C - Manufacture of Food, Drink & Tobacco",C,"Manufacture of Food, Drink & Tobacco",January,37
P - Education,P,Education,January,50
"C - Manufacture of Computers, Electronics & Optical Equipment",C,"Manufacture of Computers, Electronics & Optical Equipment",January,32
D - Electricity & Gas & Air Conditioning Supply,D,Electricity & Gas & Air Conditioning Supply,January,55
C - Manufacture of Medical Devices,C,Manufacture of Medical Devices,January,35
No Sector Entered ,,No Sector Entered ,January,0
B - Mining & Quarrying,B,Mining & Quarrying,January,9
N - Administrative & Support Service Activities,N,Administrative & Support Service Activities,January,12
E - Water Supply - Sewerage Waste Management & Remedial Activities,E,Water Supply - Sewerage Waste Management & Remedial Activities,January,2
O - Public Administration & Defence,O,Public Administration & Defence,January,9
L - Real Estate Activities,L,Real Estate Activities,January,2
T - Domestic - Activities of Households as Employers,T,Domestic - Activities of Households as Employers,January,0
Q - Health & Social Work Activities,Q,Health & Social Work Activities,February,781
J - Information & Communication Activities,J,Information & Communication Activities,February,343
I - Accommodation & Food Services Activities,I,Accommodation & Food Services Activities,February,389
S - Other Service Activities,S,Other Service Activities,February,195
F - Construction,F,Construction,February,157
"A - Agriculture, Forestry & Fishing",A,"Agriculture, Forestry & Fishing",February,267
K - Financial & Insurance Activities,K,Financial & Insurance Activities,February,121
H - Transport & Storage,H,Transport & Storage,February,109
C - All Other Manufacturing,C,All Other Manufacturing,February,137
"M - Professional, Scientific & Technical Activities of Head Offices, Management Consultancy Services",M,"Professional, Scientific & Technical Activities of Head Offices, Management Consultancy Services",February,68
"M - All other Professional, Scientific & Technical Activities",M,"All other Professional, Scientific & Technical Activities",February,45
G - Wholesale & Retail Trade,G,Wholesale & Retail Trade,February,45
C - Manufacture of Chemicals & Pharmaceuticals,C,Manufacture of Chemicals & Pharmaceuticals,February,65
"R - Arts, Entertainment and Recreation",R,"Arts, Entertainment and Recreation",February,49
"C - Manufacture of Food, Drink & Tobacco",C,"Manufacture of Food, Drink & Tobacco",February,32
P - Education,P,Education,February,31
"C - Manufacture of Computers, Electronics & Optical Equipment",C,"Manufacture of Computers, Electronics & Optical Equipment",February,70
D - Electricity & Gas & Air Conditioning Supply,D,Electricity & Gas & Air Conditioning Supply,February,29
C - Manufacture of Medical Devices,C,Manufacture of Medical Devices,February,31
No Sector Entered ,,No Sector Entered ,February,0
B - Mining & Quarrying,B,Mining & Quarrying,February,6
N - Administrative & Support Service Activities,N,Administrative & Support Service Activities,February,10
E - Water Supply - Sewerage Waste Management & Remedial Activities,E,Water Supply - Sewerage Waste Management & Remedial Activities,February,2
O - Public Administration & Defence,O,Public Administration & Defence,February,3
L - Real Estate Activities,L,Real Estate Activities,February,9
T - Domestic - Activities of Households as Employers,T,Domestic - Activities of Households as Employers,February,0
Q - Health & Social Work Activities,Q,Health & Social Work Activities,March,801
J - Information & Communication Activities,J,Information & Communication Activities,March,361
I - Accommodation & Food Services Activities,I,Accommodation & Food Services Activities,March,463
S - Other Service Activities,S,Other Service Activities,March,210
F - Construction,F,Construction,March,235
"A - Agriculture, Forestry & Fishing",A,"Agriculture, Forestry & Fishing",March,251
K - Financial & Insurance Activities,K,Financial & Insurance Activities,March,119
H - Transport & Storage,H,Transport & Storage,March,83
C - All Other Manufacturing,C,All Other Manufacturing,March,104
"M - Professional, Scientific & Technical Activities of Head Offices, Management Consultancy Services",M,"Professional, Scientific & Technical Activities of Head Offices, Management Consultancy Services",March,61
"M - All other Professional, Scientific & Technical Activities",M,"All other Professional, Scientific & Technical Activities",March,76
G - Wholesale & Retail Trade,G,Wholesale & Retail Trade,March,62
C - Manufacture of Chemicals & Pharmaceuticals,C,Manufacture of Chemicals & Pharmaceuticals,March,45
"R - Arts, Entertainment and Recreation",R,"Arts, Entertainment and Recreation",March,74
"C - Manufacture of Food, Drink & Tobacco",C,"Manufacture of Food, Drink & Tobacco",March,61
P - Education,P,Education,March,42
"C - Manufacture of Computers, Electronics & Optical Equipment",C,"Manufacture of Computers, Electronics & Optical Equipment",March,48
D - Electricity & Gas & Air Conditioning Supply,D,Electricity & Gas & Air Conditioning Supply,March,49
C - Manufacture of Medical Devices,C,Manufacture of Medical Devices,March,26
No Sector Entered ,,No Sector Entered ,March,0
B - Mining & Quarrying,B,Mining & Quarrying,March,0
N - Administrative & Support Service Activities,N,Administrative & Support Service Activities,March,11
E - Water Supply - Sewerage Waste Management & Remedial Activities,E,Water Supply - Sewerage Waste Management & Remedial Activities,March,3
O - Public Administration & Defence,O,Public Administration & Defence,March,5
L - Real Estate Activities,L,Real Estate Activities,March,1
T - Domestic - Activities of Households as Employers,T,Domestic - Activities of Households as Employers,March,0
Q - Health & Social Work Activities,Q,Health & Social Work Activities,April,415
J - Information & Communication Activities,J,Information & Communication Activities,April,224
I - Accommodation & Food Services Activities,I,Accommodation & Food Services Activities,April,168
S - Other Service Activities,S,Other Service Activities,April,124
F - Construction,F,Construction,April,88
"A - Agriculture, Forestry & Fishing",A,"Agriculture, Forestry & Fishing",April,149
K - Financial & Insurance Activities,K,Financial & Insurance Activities,April,73
H - Transport & Storage,H,Transport & Storage,April,45
C - All Other Manufacturing,C,All Other Manufacturing,April,56
"M - Professional, Scientific & Technical Activities of Head Offices, Management Consultancy Services",M,"Professional, Scientific & Technical Activities of Head Offices, Management Consultancy Services",April,44
"M - All other Professional, Scientific & Technical Activities",M,"All other Professional, Scientific & Technical Activities",April,40
G - Wholesale & Retail Trade,G,Wholesale & Retail Trade,April,35
C - Manufacture of Chemicals & Pharmaceuticals,C,Manufacture of Chemicals & Pharmaceuticals,April,49
"R - Arts, Entertainment and Recreation",R,"Arts, Entertainment and Recreation",April,36
"C - Manufacture of Food, Drink & Tobacco",C,"Manufacture of Food, Drink & Tobacco",April,34
P - Education,P,Education,April,19
"C - Manufacture of Computers, Electronics & Optical Equipment",C,"Manufacture of Computers, Electronics & Optical Equipment",April,18
D - Electricity & Gas & Air Conditioning Supply,D,Electricity & Gas & Air Conditioning Supply,April,17
C - Manufacture of Medical Devices,C,Manufacture of Medical Devices,April,12
No Sector Entered ,,No Sector Entered ,April,0
B - Mining & Quarrying,B,Mining & Quarrying,April,3
N - Administrative & Support Service Activities,N,Administrative & Support Service Activities,April,6
E - Water Supply - Sewerage Waste Management & Remedial Activities,E,Water Supply - Sewerage Waste Management & Remedial Activities,April,7
O - Public Administration & Defence,O,Public Administration & Defence,April,4
L - Real Estate Activities,L,Real Estate Activities,April,2
T - Domestic - Activities of Households as Employers,T,Domestic - Activities of Households as Employers,April,0
Q - Health & Social Work Activities,Q,Health & Social Work Activities,May,372
J - Information & Communication Activities,J,Information & Communication Activities,May,215
I - Accommodation & Food Services Activities,I,Accommodation & Food Services Activities,May,223
S - Other Service Activities,S,Other Service Activities,May,139
F - Construction,F,Construction,May,101
"A - Agriculture, Forestry & Fishing",A,"Agriculture, Forestry & Fishing",May,125
K - Financial & Insurance Activities,K,Financial & Insurance Activities,May,64
H - Transport & Storage,H,Transport & Storage,May,172
C - All Other Manufacturing,C,All Other Manufacturing,May,79
"M - Professional, Scientific & Technical Activities of Head Offices, Management Consultancy Services",M,"Professional, Scientific & Technical Activities of Head Offices, Management Consultancy Services",May,38
"M - All other Professional, Scientific & Technical Activities",M,"All other Professional, Scientific & Technical Activities",May,45
G - Wholesale & Retail Trade,G,Wholesale & Retail Trade,May,36
C - Manufacture of Chemicals & Pharmaceuticals,C,Manufacture of Chemicals & Pharmaceuticals,May,33
"R - Arts, Entertainment and Recreation",R,"Arts, Entertainment and Recreation",May,30
"C - Manufacture of Food, Drink & Tobacco",C,"Manufacture of Food, Drink & Tobacco",May,42
P - Education,P,Education,May,28
"C - Manufacture of Computers, Electronics & Optical Equipment",C,"Manufacture of Computers, Electronics & Optical Equipment",May,23
D - Electricity & Gas & Air Conditioning Supply,D,Electricity & Gas & Air Conditioning Supply,May,29
C - Manufacture of Medical Devices,C,Manufacture of Medical Devices,May,9
No Sector Entered ,,No Sector Entered ,May,0
B - Mining & Quarrying,B,Mining & Quarrying,May,5
N - Administrative & Support Service Activities,N,Administrative & Support Service Activities,May,4
E - Water Supply - Sewerage Waste Management & Remedial Activities,E,Water Supply - Sewerage Waste Management & Remedial Activities,May,3
O - Public Administration & Defence,O,Public Administration & Defence,May,3
L - Real Estate Activities,L,Real Estate Activities,May,1
T - Domestic - Activities of Households as Employers,T,Domestic - Activities of Households as Employers,May,1
Q - Health & Social Work Activities,Q,Health & Social Work Activities,June,650
J - Information & Communication Activities,J,Information & Communication Activities,June,191
I - Accommodation & Food Services Activities,I,Accommodation & Food Services Activities,June,127
S - Other Service Activities,S,Other Service Activities,June,89
F - Construction,F,Construction,June,66
"A - Agriculture, Forestry & Fishing",A,"Agriculture, Forestry & Fishing",June,69
K - Financial & Insurance Activities,K,Financial & Insurance Activities,June,57
H - Transport & Storage,H,Transport & Storage,June,90
C - All Other Manufacturing,C,All Other Manufacturing,June,51
"M - Professional, Scientific & Technical Activities of Head Offices, Management Consultancy Services",M,"Professional, Scientific & Technical Activities of Head Offices, Management Consultancy Services",June,71
"M - All other Professional, Scientific & Technical Activities",M,"All other Professional, Scientific & Technical Activities",June,38
G - Wholesale & Retail Trade,G,Wholesale & Retail Trade,June,23
C - Manufacture of Chemicals & Pharmaceuticals,C,Manufacture of Chemicals & Pharmaceuticals,June,19
"R - Arts, Entertainment and Recreation",R,"Arts, Entertainment and Recreation",June,37
"C - Manufacture of Food, Drink & Tobacco",C,"Manufacture of Food, Drink & Tobacco",June,23
P - Education,P,Education,June,13
"C - Manufacture of Computers, Electronics & Optical Equipment",C,"Manufacture of Computers, Electronics & Optical Equipment",June,35
D - Electricity & Gas & Air Conditioning Supply,D,Electricity & Gas & Air Conditioning Supply,June,19
C - Manufacture of Medical Devices,C,Manufacture of Medical Devices,June,6
No Sector Entered ,,No Sector Entered ,June,0
B - Mining & Quarrying,B,Mining & Quarrying,June,3
N - Administrative & Support Service Activities,N,Administrative & Support Service Activities,June,3
E - Water Supply - Sewerage Waste Management & Remedial Activities,E,Water Supply - Sewerage Waste Management & Remedial Activities,June,1
O - Public Administration & Defence,O,Public Administration & Defence,June,1
L - Real Estate Activities,L,Real Estate Activities,June,2
T - Domestic - Activities of Households as Employers,T,Domestic - Activities of Households as Employers,June,0
Q - Health & Social Work Activities,Q,Health & Social Work Activities,July,649
J - Information & Communication Activities,J,Information & Communication Activities,July,232
I - Accommodation & Food Services Activities,I,Accommodation & Food Services Activities,July,177
S - Other Service Activities,S,Other Service Activities,July,150
F - Construction,F,Construction,July,137
"A - Agriculture, Forestry & Fishing",A,"Agriculture, Forestry & Fishing",July,123
K - Financial & Insurance Activities,K,Financial & Insurance Activities,July,88
H - Transport & Storage,H,Transport & Storage,July,148
C - All Other Manufacturing,C,All Other Manufacturing,July,74
"M - Professional, Scientific & Technical Activities of Head Offices, Management Consultancy Services",M,"Professional, Scientific & Technical Activities of Head Offices, Management Consultancy Services",July,60
"M - All other Professional, Scientific & Technical Activities",M,"All other Professional, Scientific & Technical Activities",July,47
G - Wholesale & Retail Trade,G,Wholesale & Retail Trade,July,40
C - Manufacture of Chemicals & Pharmaceuticals,C,Manufacture of Chemicals & Pharmaceuticals,July,34
"R - Arts, Entertainment and Recreation",R,"Arts, Entertainment and Recreation",July,52
"C - Manufacture of Food, Drink & Tobacco",C,"Manufacture of Food, Drink & Tobacco",July,19
P - Education,P,Education,July,51
"C - Manufacture of Computers, Electronics & Optical Equipment",C,"Manufacture of Computers, Electronics & Optical Equipment",July,31
D - Electricity & Gas & Air Conditioning Supply,D,Electricity & Gas & Air Conditioning Supply,July,24
C - Manufacture of Medical Devices,C,Manufacture of Medical Devices,July,18
No Sector Entered ,,No Sector Entered ,July,0
B - Mining & Quarrying,B,Mining & Quarrying,July,8
N - Administrative & Support Service Activities,N,Administrative & Support Service Activities,July,9
E - Water Supply - Sewerage Waste Management & Remedial Activities,E,Water Supply - Sewerage Waste Management & Remedial Activities,July,5
O - Public Administration & Defence,O,Public Administration & Defence,July,1
L - Real Estate Activities,L,Real Estate Activities,July,3
T - Domestic - Activities of Households as Employers,T,Domestic - Activities of Households as Employers,July,0
Q - Health & Social Work Activities,Q,Health & Social Work Activities,August,651
J - Information & Communication Activities,J,Information & Communication Activities,August,318
I - Accommodation & Food Services Activities,I,Accommodation & Food Services Activities,August,240
S - Other Service Activities,S,Other Service Activities,August,156
F - Construction,F,Construction,August,202
"A - Agriculture, Forestry & Fishing",A,"Agriculture, Forestry & Fishing",August,153
K - Financial & Insurance Activities,K,Financial & Insurance Activities,August,132
H - Transport & Storage,H,Transport & Storage,August,136
C - All Other Manufacturing,C,All Other Manufacturing,August,106
"M - Professional, Scientific & Technical Activities of Head Offices, Management Consultancy Services",M,"Professional, Scientific & Technical Activities of Head Offices, Management Consultancy Services",August,69
"M - All other Professional, Scientific & Technical Activities",M,"All other Professional, Scientific & Technical Activities",August,63
G - Wholesale & Retail Trade,G,Wholesale & Retail Trade,August,51
C - Manufacture of Chemicals & Pharmaceuticals,C,Manufacture of Chemicals & Pharmaceuticals,August,57
"R - Arts, Entertainment and Recreation",R,"Arts, Entertainment and Recreation",August,83
"C - Manufacture of Food, Drink & Tobacco",C,"Manufacture of Food, Drink & Tobacco",August,71
P - Education,P,Education,August,34
"C - Manufacture of Computers, Electronics & Optical Equipment",C,"Manufacture of Computers, Electronics & Optical Equipment",August,29
D - Electricity & Gas & Air Conditioning Supply,D,Electricity & Gas & Air Conditioning Supply,August,32
C - Manufacture of Medical Devices,C,Manufacture of Medical Devices,August,20
No Sector Entered ,,No Sector Entered ,August,20
B - Mining & Quarrying,B,Mining & Quarrying,August,9
N - Administrative & Support Service Activities,N,Administrative & Support Service Activities,August,7
E - Water Supply - Sewerage Waste Management & Remedial Activities,E,Water Supply - Sewerage Waste Management & Remedial Activities,August,13
O - Public Administration & Defence,O,Public Administration & Defence,August,5
L - Real Estate Activities,L,Real Estate Activities,August,3
T - Domestic - Activities of Households as Employers,T,Domestic - Activities of Households as Employers,August,1
Q - Health & Social Work Activities,Q,Health & Social Work Activities,September,622
J - Information & Communication Activities,J,Information & Communication Activities,September,268
I - Accommodation & Food Services Activities,I,Accommodation & Food Services Activities,September,242
S - Other Service Activities,S,Other Service Activities,September,161
F - Construction,F,Construction,September,211
"A - Agriculture, Forestry & Fishing",A,"Agriculture, Forestry & Fishing",September,133
K - Financial & Insurance Activities,K,Financial & Insurance Activities,September,139
H - Transport & Storage,H,Transport & Storage,September,91
C - All Other Manufacturing,C,All Other Manufacturing,September,121
"M - Professional, Scientific & Technical Activities of Head Offices, Management Consultancy Services",M,"Professional, Scientific & Technical Activities of Head Offices, Management Consultancy Services",September,75
"M - All other Professional, Scientific & Technical Activities",M,"All other Professional, Scientific & Technical Activities",September,63
G - Wholesale & Retail Trade,G,Wholesale & Retail Trade,September,67
C - Manufacture of Chemicals & Pharmaceuticals,C,Manufacture of Chemicals & Pharmaceuticals,September,74
"R - Arts, Entertainment and Recreation",R,"Arts, Entertainment and Recreation",September,73
"C - Manufacture of Food, Drink & Tobacco",C,"Manufacture of Food, Drink & Tobacco",September,70
P - Education,P,Education,September,43
"C - Manufacture of Computers, Electronics & Optical Equipment",C,"Manufacture of Computers, Electronics & Optical Equipment",September,30
D - Electricity & Gas & Air Conditioning Supply,D,Electricity & Gas & Air Conditioning Supply,September,25
C - Manufacture of Medical Devices,C,Manufacture of Medical Devices,September,36
No Sector Entered ,,No Sector Entered ,September,24
B - Mining & Quarrying,B,Mining & Quarrying,September,20
N - Administrative & Support Service Activities,N,Administrative & Support Service Activities,September,9
E - Water Supply - Sewerage Waste Management & Remedial Activities,E,Water Supply - Sewerage Waste Management & Remedial Activities,September,16
O - Public Administration & Defence,O,Public Administration & Defence,September,7
L - Real Estate Activities,L,Real Estate Activities,September,5
T - Domestic - Activities of Households as Employers,T,Domestic - Activities of Households as Employers,September,2
Q - Health & Social Work Activities,Q,Health & Social Work Activities,October,622
J - Information & Communication Activities,J,Information & Communication Activities,October,374
I - Accommodation & Food Services Activities,I,Accommodation & Food Services Activities,October,291
S - Other Service Activities,S,Other Service Activities,October,235
F - Construction,F,Construction,October,236
"A - Agriculture, Forestry & Fishing",A,"Agriculture, Forestry & Fishing",October,181
K - Financial & Insurance Activities,K,Financial & Insurance Activities,October,183
H - Transport & Storage,H,Transport & Storage,October,155
C - All Other Manufacturing,C,All Other Manufacturing,October,140
"M - Professional, Scientific & Technical Activities of Head Offices, Management Consultancy Services",M,"Professional, Scientific & Technical Activities of Head Offices, Management Consultancy Services",October,94
"M - All other Professional, Scientific & Technical Activities",M,"All other Professional, Scientific & Technical Activities",October,71
G - Wholesale & Retail Trade,G,Wholesale & Retail Trade,October,56
C - Manufacture of Chemicals & Pharmaceuticals,C,Manufacture of Chemicals & Pharmaceuticals,October,62
"R - Arts, Entertainment and Recreation",R,"Arts, Entertainment and Recreation",October,69
"C - Manufacture of Food, Drink & Tobacco",C,"Manufacture of Food, Drink & Tobacco",October,52
P - Education,P,Education,October,60
"C - Manufacture of Computers, Electronics & Optical Equipment",C,"Manufacture of Computers, Electronics & Optical Equipment",October,37
D - Electricity & Gas & Air Conditioning Supply,D,Electricity & Gas & Air Conditioning Supply,October,25
C - Manufacture of Medical Devices,C,Manufacture of Medical Devices,October,28
No Sector Entered ,,No Sector Entered ,October,51
B - Mining & Quarrying,B,Mining & Quarrying,October,28
N - Administrative & Support Service Activities,N,Administrative & Support Service Activities,October,7
E - Water Supply - Sewerage Waste Management & Remedial Activities,E,Water Supply - Sewerage Waste Management & Remedial Activities,October,20
O - Public Administration & Defence,O,Public Administration & Defence,October,7
L - Real Estate Activities,L,Real Estate Activities,October,6
T - Domestic - Activities of Households as Employers,T,Domestic - Activities of Households as Employers,October,2
Q - Health & Social Work Activities,Q,Health & Social Work Activities,November,665
J - Information & Communication Activities,J,Information & Communication Activities,November,383
I - Accommodation & Food Services Activities,I,Accommodation & Food Services Activities,November,334
S - Other Service Activities,S,Other Service Activities,November,217
F - Construction,F,Construction,November,185
"A - Agriculture, Forestry & Fishing",A,"Agriculture, Forestry & Fishing",November,138
K - Financial & Insurance Activities,K,Financial & Insurance Activities,November,192
H - Transport & Storage,H,Transport & Storage,November,118
C - All Other Manufacturing,C,All Other Manufacturing,November,123
"M - Professional, Scientific & Technical Activities of Head Offices, Management Consultancy Services",M,"Professional, Scientific & Technical Activities of Head Offices, Management Consultancy Services",November,74
"M - All other Professional, Scientific & Technical Activities",M,"All other Professional, Scientific & Technical Activities",November,69
G - Wholesale & Retail Trade,G,Wholesale & Retail Trade,November,77
C - Manufacture of Chemicals & Pharmaceuticals,C,Manufacture of Chemicals & Pharmaceuticals,November,52
"R - Arts, Entertainment and Recreation",R,"Arts, Entertainment and Recreation",November,25
"C - Manufacture of Food, Drink & Tobacco",C,"Manufacture of Food, Drink & Tobacco",November,29
P - Education,P,Education,November,49
"C - Manufacture of Computers, Electronics & Optical Equipment",C,"Manufacture of Computers, Electronics & Optical Equipment",November,46
D - Electricity & Gas & Air Conditioning Supply,D,Electricity & Gas & Air Conditioning Supply,November,20
C - Manufacture of Medical Devices,C,Manufacture of Medical Devices,November,28
No Sector Entered ,,No Sector Entered ,November,39
B - Mining & Quarrying,B,Mining & Quarrying,November,3
N - Administrative & Support Service Activities,N,Administrative & Support Service Activities,November,11
E - Water Supply - Sewerage Waste Management & Remedial Activities,E,Water Supply - Sewerage Waste Management & Remedial Activities,November,3
O - Public Administration & Defence,O,Public Administration & Defence,November,4
L - Real Estate Activities,L,Real Estate Activities,November,4
T - Domestic - Activities of Households as Employers,T,Domestic - Activities of Households as Employers,November,1
Q - Health & Social Work Activities,Q,Health & Social Work Activities,December,680
J - Information & Communication Activities,J,Information & Communication Activities,December,270
I - Accommodation & Food Services Activities,I,Accommodation & Food Services Activities,December,288
S - Other Service Activities,S,Other Service Activities,December,152
F - Construction,F,Construction,December,154
"A - Agriculture, Forestry & Fishing",A,"Agriculture, Forestry & Fishing",December,123
K - Financial & Insurance Activities,K,Financial & Insurance Activities,December,103
H - Transport & Storage,H,Transport & Storage,December,85
C - All Other Manufacturing,C,All Other Manufacturing,December,116
"M - Professional, Scientific & Technical Activities of Head Offices, Management Consultancy Services",M,"Professional, Scientific & Technical Activities of Head Offices, Management Consultancy Services",December,48
"M - All other Professional, Scientific & Technical Activities",M,"All other Professional, Scientific & Technical Activities",December,45
G - Wholesale & Retail Trade,G,Wholesale & Retail Trade,December,62
C - Manufacture of Chemicals & Pharmaceuticals,C,Manufacture of Chemicals & Pharmaceuticals,December,52
"R - Arts, Entertainment and Recreation",R,"Arts, Entertainment and Recreation",December,25
"C - Manufacture of Food, Drink & Tobacco",C,"Manufacture of Food, Drink & Tobacco",December,26
P - Education,P,Education,December,44
"C - Manufacture of Computers, Electronics & Optical Equipment",C,"Manufacture of Computers, Electronics & Optical Equipment",December,32
D - Electricity & Gas & Air Conditioning Supply,D,Electricity & Gas & Air Conditioning Supply,December,18
C - Manufacture of Medical Devices,C,Manufacture of Medical Devices,December,37
No Sector Entered ,,No Sector Entered ,December,52
B - Mining & Quarrying,B,Mining & Quarrying,December,4
N - Administrative & Support Service Activities,N,Administrative & Support Service Activities,December,5
E - Water Supply - Sewerage Waste Management & Remedial Activities,E,Water Supply - Sewerage Waste Management & Remedial Activities,December,11
O - Public Administration & Defence,O,Public Administration & Defence,December,5
L - Real Estate Activities,L,Real Estate Activities,December,2
T - Domestic - Activities of Households as Employers,T,Domestic - Activities of Households as Employers,December,1
